step,epoch,step_in_epoch,probe/is_eval,sys/effective_batch_size,sys/device_batch_size,train/loss,sys/time_per_step_ms,sys/peak_memory_mb,val/acc,val/loss,train/acc,train/loss_eval,gap/train_minus_val
1,1,1.0,0.0,32.0,32.0,0.68927001953125,385.2918660268188,3308.67431640625,,,,,
2,1,2.0,0.0,32.0,32.0,0.7047119140625,69.99561400152743,4304.3583984375,,,,,
3,1,3.0,0.0,32.0,32.0,0.6861572265625,74.51838502311148,4303.3583984375,,,,,
4,1,4.0,0.0,32.0,32.0,0.7130126953125,77.03307399060577,4303.3583984375,,,,,
5,1,5.0,0.0,32.0,32.0,0.73236083984375,76.98607302154414,4303.3583984375,,,,,
6,1,6.0,0.0,32.0,32.0,0.72308349609375,77.47255699359812,4303.3583984375,,,,,
7,1,7.0,0.0,32.0,32.0,0.6778564453125,76.94069898570888,4303.3583984375,,,,,
8,1,8.0,0.0,32.0,32.0,0.7098388671875,75.18679101485759,4303.3583984375,,,,,
9,1,9.0,0.0,32.0,32.0,0.706787109375,76.6575759917032,4303.3583984375,,,,,
10,1,10.0,0.0,32.0,32.0,0.739501953125,98.39094799826852,4303.3583984375,,,,,
11,1,11.0,0.0,32.0,32.0,0.646240234375,111.42712502623908,4303.3583984375,,,,,
12,1,12.0,0.0,32.0,32.0,0.681884765625,110.44672099524178,4303.3583984375,,,,,
13,1,13.0,0.0,32.0,32.0,0.7080078125,88.0659639951773,4303.3583984375,,,,,
14,1,14.0,0.0,32.0,32.0,0.718017578125,81.11140198889188,4303.3583984375,,,,,
15,1,15.0,0.0,32.0,32.0,0.7012939453125,78.38351998361759,4303.3583984375,,,,,
16,1,16.0,0.0,32.0,32.0,0.6927490234375,77.85372500075027,4303.3583984375,,,,,
17,1,17.0,0.0,32.0,32.0,0.6632080078125,77.00526202097535,4303.3583984375,,,,,
18,1,18.0,0.0,32.0,32.0,0.7056884765625,76.8015670182649,4303.3583984375,,,,,
19,1,19.0,0.0,32.0,32.0,0.6971435546875,76.44810402416624,4303.3583984375,,,,,
20,1,20.0,0.0,32.0,32.0,0.6943359375,77.90170700172894,4303.3583984375,,,,,
21,1,21.0,0.0,32.0,32.0,0.702880859375,84.97068099677563,4303.3583984375,,,,,
22,1,22.0,0.0,32.0,32.0,0.683349609375,93.41082500759512,4303.3583984375,,,,,
23,1,23.0,0.0,32.0,32.0,0.697998046875,101.9341759965755,4303.3583984375,,,,,
24,1,24.0,0.0,32.0,32.0,0.7099609375,94.2011849838309,4303.3583984375,,,,,
25,1,25.0,0.0,32.0,32.0,0.676513671875,87.39449601853266,4303.3583984375,,,,,
26,1,26.0,0.0,32.0,32.0,0.6866455078125,82.10052200593054,4303.3583984375,,,,,
27,1,27.0,0.0,32.0,32.0,0.6939697265625,77.89040898205712,4012.59130859375,,,,,
28,1,28.0,0.0,32.0,32.0,0.6881103515625,78.62755199312232,4303.3583984375,,,,,
29,1,29.0,0.0,32.0,32.0,0.688720703125,76.93355600349605,4303.3583984375,,,,,
30,1,30.0,0.0,32.0,32.0,0.6800537109375,78.1068739888724,4303.3583984375,,,,,
31,1,31.0,0.0,32.0,32.0,0.690673828125,79.1338199924212,4303.3583984375,,,,,
32,1,32.0,0.0,32.0,32.0,0.70208740234375,82.68662498448975,4303.3583984375,,,,,
33,1,33.0,0.0,32.0,32.0,0.66357421875,86.61074299016036,4303.3583984375,,,,,
34,1,34.0,0.0,32.0,32.0,0.684326171875,93.29100701143034,4303.3583984375,,,,,
35,1,35.0,0.0,32.0,32.0,0.6890869140625,93.25940799317324,4303.3583984375,,,,,
36,1,36.0,0.0,32.0,32.0,0.70745849609375,90.27446300024168,4303.3583984375,,,,,
37,1,37.0,0.0,32.0,32.0,0.71533203125,85.98068400169723,4303.3583984375,,,,,
38,1,38.0,0.0,32.0,32.0,0.6978759765625,84.34536500135437,4303.3583984375,,,,,
39,1,39.0,0.0,32.0,32.0,0.6871337890625,80.67952501005493,4303.3583984375,,,,,
40,1,40.0,0.0,32.0,32.0,0.6929931640625,78.85972800431773,4303.3583984375,,,,,
41,1,41.0,0.0,32.0,32.0,0.6868896484375,74.2239490209613,4303.3583984375,,,,,
42,1,42.0,0.0,32.0,32.0,0.7091064453125,79.2709729867056,4303.3583984375,,,,,
43,1,43.0,0.0,32.0,32.0,0.719482421875,82.14572098222561,4303.3583984375,,,,,
44,1,44.0,0.0,32.0,32.0,0.71728515625,84.5222230127547,4303.3583984375,,,,,
45,1,45.0,0.0,32.0,32.0,0.6885986328125,86.45339601207525,4303.3583984375,,,,,
46,1,46.0,0.0,32.0,32.0,0.699462890625,90.22179400199092,4303.3583984375,,,,,
47,1,47.0,0.0,32.0,32.0,0.7021484375,90.16269000130706,4303.3583984375,,,,,
48,1,48.0,0.0,32.0,32.0,0.6817626953125,87.9207789839711,4303.3583984375,,,,,
49,1,49.0,0.0,32.0,32.0,0.6953125,86.18901201407425,4303.3583984375,,,,,
50,1,50.0,0.0,32.0,32.0,0.69189453125,82.14300699182786,4303.3583984375,,,,,
51,1,51.0,0.0,32.0,32.0,0.6998291015625,80.82248899154365,4303.3583984375,,,,,
52,1,52.0,0.0,32.0,32.0,0.7047119140625,79.0390939801,4303.3583984375,,,,,
53,1,53.0,0.0,32.0,32.0,0.6861572265625,79.59216699237004,4303.3583984375,,,,,
54,1,54.0,0.0,32.0,32.0,0.6871337890625,80.28372999979183,4303.3583984375,,,,,
55,1,55.0,0.0,32.0,32.0,0.6949462890625,81.28828500048257,4303.3583984375,,,,,
56,1,56.0,0.0,32.0,32.0,0.6866455078125,85.90511899092235,4303.3583984375,,,,,
57,1,57.0,0.0,32.0,32.0,0.6922607421875,88.00636799423955,4303.3583984375,,,,,
58,1,58.0,0.0,32.0,32.0,0.68316650390625,89.1782509861514,4303.3583984375,,,,,
59,1,59.0,0.0,32.0,32.0,0.6829833984375,87.97121100360528,4303.3583984375,,,,,
60,1,60.0,0.0,32.0,32.0,0.7127685546875,86.07526199193671,4303.3583984375,,,,,
61,1,61.0,0.0,32.0,32.0,0.6883544921875,83.616552001331,4303.3583984375,,,,,
62,1,62.0,0.0,32.0,32.0,0.7003173828125,81.77562800119631,4303.3583984375,,,,,
63,1,63.0,0.0,32.0,32.0,0.7130126953125,83.54903099825606,4303.3583984375,,,,,
64,1,64.0,0.0,32.0,32.0,0.70849609375,80.61861101305112,4303.3583984375,,,,,
65,1,65.0,0.0,32.0,32.0,0.68646240234375,80.68682200973853,4303.3583984375,,,,,
66,1,66.0,0.0,32.0,32.0,0.6763916015625,81.18726700195111,4303.3583984375,,,,,
67,1,67.0,0.0,32.0,32.0,0.694091796875,81.46364899585024,4303.3583984375,,,,,
68,1,68.0,0.0,32.0,32.0,0.68658447265625,85.43918700888753,4303.3583984375,,,,,
69,1,69.0,0.0,32.0,32.0,0.6849365234375,88.71444399119355,4303.3583984375,,,,,
70,1,70.0,0.0,32.0,32.0,0.6982421875,88.72929299832322,4303.3583984375,,,,,
71,1,71.0,0.0,32.0,32.0,0.676025390625,87.01577200554311,4303.3583984375,,,,,
72,1,72.0,0.0,32.0,32.0,0.68792724609375,86.79624399519525,4303.3583984375,,,,,
73,1,73.0,0.0,32.0,32.0,0.73602294921875,83.81845499388874,4303.3583984375,,,,,
74,1,74.0,0.0,32.0,32.0,0.697265625,82.45023398194462,4303.3583984375,,,,,
75,1,75.0,0.0,32.0,32.0,0.6875,82.22270500846207,4303.3583984375,,,,,
76,1,76.0,0.0,32.0,32.0,0.68017578125,82.47678499901667,4303.3583984375,,,,,
77,1,77.0,0.0,32.0,32.0,0.726806640625,81.65575400926173,4303.3583984375,,,,,
78,1,78.0,0.0,26.0,26.0,0.6723257303237915,71.3619869784452,3852.2724609375,,,,,
78,1,,1.0,32.0,32.0,,71.3619869784452,3852.2724609375,0.5884476534296029,0.6818238761689928,0.6156626506024097,0.6790593128937942,0.0272149971728067
79,2,1.0,0.0,32.0,32.0,0.6900634765625,73.70887399883941,4303.3583984375,,,,,
80,2,2.0,0.0,32.0,32.0,0.670654296875,82.4642009974923,4303.3583984375,,,,,
81,2,3.0,0.0,32.0,32.0,0.6658935546875,82.96890399651602,4303.3583984375,,,,,
82,2,4.0,0.0,32.0,32.0,0.684814453125,83.10469301068224,4303.3583984375,,,,,
83,2,5.0,0.0,32.0,32.0,0.68798828125,83.14182100002654,4303.3583984375,,,,,
84,2,6.0,0.0,32.0,32.0,0.70166015625,82.9331699933391,4303.3583984375,,,,,
85,2,7.0,0.0,32.0,32.0,0.681640625,83.70186100364663,4303.3583984375,,,,,
86,2,8.0,0.0,32.0,32.0,0.6448974609375,82.83520498662256,4303.3583984375,,,,,
87,2,9.0,0.0,32.0,32.0,0.645721435546875,84.72277401597239,4303.3583984375,,,,,
88,2,10.0,0.0,32.0,32.0,0.656982421875,86.01472800364718,4303.3583984375,,,,,
89,2,11.0,0.0,32.0,32.0,0.6544189453125,85.98726900527254,4303.3583984375,,,,,
90,2,12.0,0.0,32.0,32.0,0.648345947265625,84.38657599617727,4303.3583984375,,,,,
91,2,13.0,0.0,32.0,32.0,0.597808837890625,85.06193201174028,4303.3583984375,,,,,
92,2,14.0,0.0,32.0,32.0,0.603271484375,85.96615598071367,4303.3583984375,,,,,
93,2,15.0,0.0,32.0,32.0,0.646514892578125,82.46379700722173,4303.3583984375,,,,,
94,2,16.0,0.0,32.0,32.0,0.6580810546875,82.10475399391726,4303.3583984375,,,,,
95,2,17.0,0.0,32.0,32.0,0.619537353515625,82.58064900292084,4303.3583984375,,,,,
96,2,18.0,0.0,32.0,32.0,0.693115234375,83.70320900576189,4303.3583984375,,,,,
97,2,19.0,0.0,32.0,32.0,0.7349853515625,82.64989100280218,4303.3583984375,,,,,
98,2,20.0,0.0,32.0,32.0,0.529205322265625,80.85607600514777,4303.3583984375,,,,,
99,2,21.0,0.0,32.0,32.0,0.582794189453125,84.83245701063424,4303.3583984375,,,,,
100,2,22.0,0.0,32.0,32.0,0.627166748046875,84.79545699083246,4303.3583984375,,,,,
101,2,23.0,0.0,32.0,32.0,0.6055908203125,85.67551398300566,4303.3583984375,,,,,
102,2,24.0,0.0,32.0,32.0,0.64019775390625,85.19123701262288,4303.3583984375,,,,,
103,2,25.0,0.0,32.0,32.0,0.72247314453125,84.65668000280857,4303.3583984375,,,,,
104,2,26.0,0.0,32.0,32.0,0.620269775390625,81.78234897786751,4303.3583984375,,,,,
105,2,27.0,0.0,32.0,32.0,0.75494384765625,84.24269099486992,4303.3583984375,,,,,
106,2,28.0,0.0,32.0,32.0,0.584381103515625,84.01961700292304,4303.3583984375,,,,,
107,2,29.0,0.0,32.0,32.0,0.5919189453125,83.14962199074216,4303.3583984375,,,,,
108,2,30.0,0.0,32.0,32.0,0.671722412109375,82.62784598628059,4303.3583984375,,,,,
109,2,31.0,0.0,32.0,32.0,0.61279296875,83.91816299990751,4303.3583984375,,,,,
110,2,32.0,0.0,32.0,32.0,0.554901123046875,84.32135998737067,4303.3583984375,,,,,
111,2,33.0,0.0,32.0,32.0,0.582763671875,87.56002900190651,4303.3583984375,,,,,
112,2,34.0,0.0,32.0,32.0,0.6341552734375,83.9249929995276,4303.3583984375,,,,,
113,2,35.0,0.0,32.0,32.0,0.611663818359375,84.71614198060706,4303.3583984375,,,,,
114,2,36.0,0.0,32.0,32.0,0.59906005859375,85.83539698156528,4303.3583984375,,,,,
115,2,37.0,0.0,32.0,32.0,0.713134765625,83.70288601145148,4303.3583984375,,,,,
116,2,38.0,0.0,32.0,32.0,0.686126708984375,82.76779801235534,4303.3583984375,,,,,
117,2,39.0,0.0,32.0,32.0,0.6900634765625,83.11707497341558,4303.3583984375,,,,,
118,2,40.0,0.0,32.0,32.0,0.79974365234375,84.7296479914803,4303.3583984375,,,,,
119,2,41.0,0.0,32.0,32.0,0.639801025390625,83.80119697540067,4303.3583984375,,,,,
120,2,42.0,0.0,32.0,32.0,0.74786376953125,83.24352698400617,4303.3583984375,,,,,
121,2,43.0,0.0,32.0,32.0,0.619049072265625,83.57300900388509,4303.3583984375,,,,,
122,2,44.0,0.0,32.0,32.0,0.69720458984375,84.5839959802106,4303.3583984375,,,,,
123,2,45.0,0.0,32.0,32.0,0.587371826171875,84.34290898730978,4303.3583984375,,,,,
124,2,46.0,0.0,32.0,32.0,0.65618896484375,86.1073510022834,4303.3583984375,,,,,
125,2,47.0,0.0,32.0,32.0,0.6544189453125,85.0070639862679,4303.3583984375,,,,,
126,2,48.0,0.0,32.0,32.0,0.57470703125,83.95543799269944,4303.3583984375,,,,,
127,2,49.0,0.0,32.0,32.0,0.627716064453125,84.78665800066665,4303.3583984375,,,,,
128,2,50.0,0.0,32.0,32.0,0.68023681640625,82.85237799282186,4303.3583984375,,,,,
129,2,51.0,0.0,32.0,32.0,0.64801025390625,84.08805998624302,4303.3583984375,,,,,
130,2,52.0,0.0,32.0,32.0,0.6761474609375,83.52534202276729,4303.3583984375,,,,,
131,2,53.0,0.0,32.0,32.0,0.61846923828125,83.83187497383915,4303.3583984375,,,,,
132,2,54.0,0.0,32.0,32.0,0.736083984375,84.008059988264,4303.3583984375,,,,,
133,2,55.0,0.0,32.0,32.0,0.68548583984375,85.11095700669102,4303.3583984375,,,,,
134,2,56.0,0.0,32.0,32.0,0.829833984375,83.13574199564755,4303.3583984375,,,,,
135,2,57.0,0.0,32.0,32.0,0.64837646484375,84.81919200858101,4303.3583984375,,,,,
136,2,58.0,0.0,32.0,32.0,0.60333251953125,86.75816899631172,4303.3583984375,,,,,
137,2,59.0,0.0,32.0,32.0,0.71331787109375,85.3422160143964,4303.3583984375,,,,,
138,2,60.0,0.0,32.0,32.0,0.65509033203125,83.49634599289857,4303.3583984375,,,,,
139,2,61.0,0.0,32.0,32.0,0.661224365234375,83.56934401672333,4303.3583984375,,,,,
140,2,62.0,0.0,32.0,32.0,0.709808349609375,83.8014209875837,4303.3583984375,,,,,
141,2,63.0,0.0,32.0,32.0,0.6728515625,84.57105699926615,4303.3583984375,,,,,
142,2,64.0,0.0,32.0,32.0,0.54986572265625,82.81617201282643,4303.3583984375,,,,,
143,2,65.0,0.0,32.0,32.0,0.80853271484375,84.34699900681153,4303.3583984375,,,,,
144,2,66.0,0.0,32.0,32.0,0.731201171875,85.45213099569082,4303.3583984375,,,,,
145,2,67.0,0.0,32.0,32.0,0.60296630859375,84.50664300471544,4303.3583984375,,,,,
146,2,68.0,0.0,32.0,32.0,0.66802978515625,83.78596100374125,4303.3583984375,,,,,
147,2,69.0,0.0,32.0,32.0,0.67303466796875,84.49895001831464,4303.3583984375,,,,,
148,2,70.0,0.0,32.0,32.0,0.71966552734375,85.54938697488979,4303.3583984375,,,,,
149,2,71.0,0.0,32.0,32.0,0.62152099609375,83.43734499067068,4303.3583984375,,,,,
150,2,72.0,0.0,32.0,32.0,0.614501953125,85.11025298503228,4303.3583984375,,,,,
151,2,73.0,0.0,32.0,32.0,0.64410400390625,83.9198799803853,4303.3583984375,,,,,
152,2,74.0,0.0,32.0,32.0,0.63409423828125,83.34274200024083,4303.3583984375,,,,,
153,2,75.0,0.0,32.0,32.0,0.600433349609375,84.10935700521804,4303.3583984375,,,,,
154,2,76.0,0.0,32.0,32.0,0.52301025390625,84.35528900008649,4303.3583984375,,,,,
155,2,77.0,0.0,32.0,32.0,0.529022216796875,84.17875098530203,4303.3583984375,,,,,
156,2,78.0,0.0,26.0,26.0,0.580078125,73.83192400448024,3852.2724609375,,,,,
156,2,,1.0,32.0,32.0,,73.83192400448024,3852.2724609375,0.6714801444043321,0.6546814574135674,0.785140562248996,0.5403499587988242,0.1136604178446638
157,3,1.0,0.0,32.0,32.0,0.5975341796875,74.34557701344602,4303.3583984375,,,,,
158,3,2.0,0.0,32.0,32.0,0.5653839111328125,84.90956301102415,4303.3583984375,,,,,
159,3,3.0,0.0,32.0,32.0,0.542266845703125,84.79876597994007,4303.3583984375,,,,,
160,3,4.0,0.0,32.0,32.0,0.64947509765625,83.50239499122836,4303.3583984375,,,,,
161,3,5.0,0.0,32.0,32.0,0.465850830078125,83.71380000608042,4303.3583984375,,,,,
162,3,6.0,0.0,32.0,32.0,0.6471099853515625,84.51617797254585,4303.3583984375,,,,,
163,3,7.0,0.0,32.0,32.0,0.5803680419921875,83.68346598581411,4303.3583984375,,,,,
164,3,8.0,0.0,32.0,32.0,0.4218597412109375,82.7687589917332,4164.14208984375,,,,,
165,3,9.0,0.0,32.0,32.0,0.5153961181640625,84.35866699437611,4303.3583984375,,,,,
166,3,10.0,0.0,32.0,32.0,0.4539642333984375,84.52837899676524,4303.3583984375,,,,,
167,3,11.0,0.0,32.0,32.0,0.4513397216796875,86.43566598766483,4303.3583984375,,,,,
168,3,12.0,0.0,32.0,32.0,0.483184814453125,85.75694999308325,4303.3583984375,,,,,
169,3,13.0,0.0,32.0,32.0,0.4255447387695312,84.7542169794906,4303.3583984375,,,,,
170,3,14.0,0.0,32.0,32.0,0.39483642578125,83.35364499362186,4303.3583984375,,,,,
171,3,15.0,0.0,32.0,32.0,0.4197998046875,85.76535500469618,4303.3583984375,,,,,
172,3,16.0,0.0,32.0,32.0,0.585357666015625,84.7487419960089,4303.3583984375,,,,,
173,3,17.0,0.0,32.0,32.0,0.5342941284179688,83.14352101297118,4303.3583984375,,,,,
174,3,18.0,0.0,32.0,32.0,0.3907241821289062,84.09770199796185,4303.3583984375,,,,,
175,3,19.0,0.0,32.0,32.0,0.5032501220703125,85.05845398758538,4303.3583984375,,,,,
176,3,20.0,0.0,32.0,32.0,0.393341064453125,80.80702999723144,4303.3583984375,,,,,
177,3,21.0,0.0,32.0,32.0,0.424407958984375,73.48927899147384,3779.30810546875,,,,,
178,3,22.0,0.0,32.0,32.0,0.6123046875,86.77598100621253,4303.3583984375,,,,,
179,3,23.0,0.0,32.0,32.0,0.3376083374023437,85.13661098550074,4303.3583984375,,,,,
180,3,24.0,0.0,32.0,32.0,0.3927993774414062,85.22400801302865,4303.3583984375,,,,,
181,3,25.0,0.0,32.0,32.0,0.4752349853515625,86.45373600302264,4303.3583984375,,,,,
182,3,26.0,0.0,32.0,32.0,0.5708084106445312,83.08607499930076,4303.3583984375,,,,,
183,3,27.0,0.0,32.0,32.0,0.5218353271484375,84.42276102141477,4303.3583984375,,,,,
184,3,28.0,0.0,32.0,32.0,0.6203155517578125,85.70300400606357,4303.3583984375,,,,,
185,3,29.0,0.0,32.0,32.0,0.3649444580078125,85.07449500029907,4303.3583984375,,,,,
186,3,30.0,0.0,32.0,32.0,0.1846160888671875,84.21241899486631,4303.3583984375,,,,,
187,3,31.0,0.0,32.0,32.0,0.3884506225585937,84.36866899137385,4303.3583984375,,,,,
188,3,32.0,0.0,32.0,32.0,0.1995277404785156,84.80320699163713,4303.3583984375,,,,,
189,3,33.0,0.0,32.0,32.0,0.6058464050292969,83.57689299737103,4303.3583984375,,,,,
190,3,34.0,0.0,32.0,32.0,0.7536773681640625,85.86754000862129,4303.3583984375,,,,,
191,3,35.0,0.0,32.0,32.0,0.5446128845214844,84.63974701589905,4303.3583984375,,,,,
192,3,36.0,0.0,32.0,32.0,0.6264801025390625,85.43015000759624,4303.3583984375,,,,,
193,3,37.0,0.0,32.0,32.0,0.2440567016601562,85.23005197639577,4303.3583984375,,,,,
194,3,38.0,0.0,32.0,32.0,0.2699089050292969,84.22417097608559,4303.3583984375,,,,,
195,3,39.0,0.0,32.0,32.0,0.7652969360351562,83.61249399604276,4303.3583984375,,,,,
196,3,40.0,0.0,32.0,32.0,0.4292526245117187,82.39069700357504,4303.3583984375,,,,,
197,3,41.0,0.0,32.0,32.0,0.5145187377929688,87.14990099542774,4303.3583984375,,,,,
198,3,42.0,0.0,32.0,32.0,0.5875701904296875,85.52243799204007,4303.3583984375,,,,,
199,3,43.0,0.0,32.0,32.0,0.5782012939453125,84.14259101846255,4303.3583984375,,,,,
200,3,44.0,0.0,32.0,32.0,0.5110664367675781,84.97045800322667,4303.3583984375,,,,,
201,3,45.0,0.0,32.0,32.0,0.5473785400390625,83.40986899565905,4303.3583984375,,,,,
202,3,46.0,0.0,32.0,32.0,0.4645233154296875,85.16405397676863,4303.3583984375,,,,,
203,3,47.0,0.0,32.0,32.0,0.4375724792480469,84.52787800342776,4303.3583984375,,,,,
204,3,48.0,0.0,32.0,32.0,0.5804405212402344,85.8041720057372,4303.3583984375,,,,,
205,3,49.0,0.0,32.0,32.0,0.3937301635742187,86.00929100066423,4303.3583984375,,,,,
206,3,50.0,0.0,32.0,32.0,0.423919677734375,84.77717600180767,4303.3583984375,,,,,
207,3,51.0,0.0,32.0,32.0,0.4464263916015625,82.14744797442108,4303.3583984375,,,,,
208,3,52.0,0.0,32.0,32.0,0.2751235961914062,85.47613298287615,4303.3583984375,,,,,
209,3,53.0,0.0,32.0,32.0,0.505645751953125,85.49177102395333,4303.3583984375,,,,,
210,3,54.0,0.0,32.0,32.0,0.5335845947265625,84.08902800874785,4303.3583984375,,,,,
211,3,55.0,0.0,32.0,32.0,0.4668655395507812,84.27243499318138,4303.3583984375,,,,,
212,3,56.0,0.0,32.0,32.0,0.5476150512695312,84.89241800270975,4303.3583984375,,,,,
213,3,57.0,0.0,32.0,32.0,0.4199104309082031,84.52211500843987,4303.3583984375,,,,,
214,3,58.0,0.0,32.0,32.0,0.4197921752929687,85.02109599066898,4303.3583984375,,,,,
215,3,59.0,0.0,32.0,32.0,0.4406585693359375,84.47586902184412,4303.3583984375,,,,,
216,3,60.0,0.0,32.0,32.0,0.4433784484863281,86.22502701473422,4303.3583984375,,,,,
217,3,61.0,0.0,32.0,32.0,0.5554389953613281,85.95340000465512,4303.3583984375,,,,,
218,3,62.0,0.0,32.0,32.0,0.4018402099609375,83.07145998696797,4303.3583984375,,,,,
219,3,63.0,0.0,32.0,32.0,0.29547119140625,82.9892170149833,4303.3583984375,,,,,
220,3,64.0,0.0,32.0,32.0,0.3167724609375,85.94843200989999,4303.3583984375,,,,,
221,3,65.0,0.0,32.0,32.0,0.4030799865722656,84.99900699825957,4303.3583984375,,,,,
222,3,66.0,0.0,32.0,32.0,0.6102943420410156,83.30846700118855,4303.3583984375,,,,,
223,3,67.0,0.0,32.0,32.0,0.3581199645996094,84.58494499791414,4303.3583984375,,,,,
224,3,68.0,0.0,32.0,32.0,0.5531501770019531,86.26526399166323,4303.3583984375,,,,,
225,3,69.0,0.0,32.0,32.0,0.3206939697265625,83.97712602163665,4303.3583984375,,,,,
226,3,70.0,0.0,32.0,32.0,0.489898681640625,84.04991001589224,4303.3583984375,,,,,
227,3,71.0,0.0,32.0,32.0,0.56524658203125,85.54861898301169,4303.3583984375,,,,,
228,3,72.0,0.0,32.0,32.0,0.6371688842773438,86.22385998023674,4303.3583984375,,,,,
229,3,73.0,0.0,32.0,32.0,0.6162185668945312,83.32631501252763,4303.3583984375,,,,,
230,3,74.0,0.0,32.0,32.0,0.5831146240234375,84.2494580138009,4303.3583984375,,,,,
231,3,75.0,0.0,32.0,32.0,0.47967529296875,85.43141398695298,4303.3583984375,,,,,
232,3,76.0,0.0,32.0,32.0,0.400543212890625,85.93574201222509,4303.3583984375,,,,,
233,3,77.0,0.0,32.0,32.0,0.3915863037109375,83.0249449936673,4303.3583984375,,,,,
234,3,78.0,0.0,26.0,26.0,0.4682898819446563,73.23338798596524,3852.2724609375,,,,,
234,3,,1.0,32.0,32.0,,73.23338798596524,3852.2724609375,0.6967509025270758,0.6045193506611718,0.8775100401606426,0.3096100047994882,0.1807591376335667
235,4,1.0,0.0,32.0,32.0,0.31158447265625,75.39672200800851,4303.3583984375,,,,,
236,4,2.0,0.0,32.0,32.0,0.2621917724609375,84.61171502131037,4303.3583984375,,,,,
237,4,3.0,0.0,32.0,32.0,0.268310546875,84.83012599754147,4303.3583984375,,,,,
238,4,4.0,0.0,32.0,32.0,0.2417259216308593,85.74914798373356,4303.3583984375,,,,,
239,4,5.0,0.0,32.0,32.0,0.1888961791992187,85.31028899597004,4303.3583984375,,,,,
240,4,6.0,0.0,32.0,32.0,0.2999191284179687,83.65384498029016,4303.3583984375,,,,,
241,4,7.0,0.0,32.0,32.0,0.1709861755371093,84.70066299196333,4303.3583984375,,,,,
242,4,8.0,0.0,32.0,32.0,0.2698554992675781,84.50973601429723,4303.3583984375,,,,,
243,4,9.0,0.0,32.0,32.0,0.1826133728027343,84.57493101013824,4303.3583984375,,,,,
244,4,10.0,0.0,32.0,32.0,0.5038948059082031,84.38209001906216,4303.3583984375,,,,,
245,4,11.0,0.0,32.0,32.0,0.6509819030761719,85.25388699490577,4303.3583984375,,,,,
246,4,12.0,0.0,32.0,32.0,0.3093795776367187,86.65108200511895,4303.3583984375,,,,,
247,4,13.0,0.0,32.0,32.0,0.1922645568847656,85.40669101057574,4303.3583984375,,,,,
248,4,14.0,0.0,32.0,32.0,0.3522071838378906,83.81480601383373,4303.3583984375,,,,,
249,4,15.0,0.0,32.0,32.0,0.3733444213867187,85.56319700437598,4303.3583984375,,,,,
250,4,16.0,0.0,32.0,32.0,0.3421058654785156,85.77684799092822,4303.3583984375,,,,,
251,4,17.0,0.0,32.0,32.0,0.0941886901855468,84.20890601701103,4303.3583984375,,,,,
252,4,18.0,0.0,32.0,32.0,0.2274055480957031,84.34904098976403,4303.3583984375,,,,,
253,4,19.0,0.0,32.0,32.0,0.2571868896484375,85.64518298953772,4303.3583984375,,,,,
254,4,20.0,0.0,32.0,32.0,0.4407424926757812,81.68706600554287,4303.3583984375,,,,,
255,4,21.0,0.0,32.0,32.0,0.4167022705078125,83.43150798464194,4303.3583984375,,,,,
256,4,22.0,0.0,32.0,32.0,0.0917243957519531,84.19952401891351,4303.3583984375,,,,,
257,4,23.0,0.0,32.0,32.0,0.2962150573730469,87.43534202221781,4303.3583984375,,,,,
258,4,24.0,0.0,32.0,32.0,0.3641853332519531,85.10399798979051,4303.3583984375,,,,,
259,4,25.0,0.0,32.0,32.0,0.4284400939941406,84.52720800414681,4303.3583984375,,,,,
260,4,26.0,0.0,32.0,32.0,0.1810970306396484,84.47529599652626,4303.3583984375,,,,,
261,4,27.0,0.0,32.0,32.0,0.5163650512695312,87.06857298966497,4303.3583984375,,,,,
262,4,28.0,0.0,32.0,32.0,0.1739273071289062,85.19567997427657,4303.3583984375,,,,,
263,4,29.0,0.0,32.0,32.0,0.4957656860351562,85.27024698560126,4303.3583984375,,,,,
264,4,30.0,0.0,32.0,32.0,0.3092937469482422,85.48201501253061,4303.3583984375,,,,,
265,4,31.0,0.0,32.0,32.0,0.3508148193359375,85.49094799673185,4303.3583984375,,,,,
266,4,32.0,0.0,32.0,32.0,0.1583290100097656,82.9327309911605,4303.3583984375,,,,,
267,4,33.0,0.0,32.0,32.0,0.20379638671875,85.15160600654781,4303.3583984375,,,,,
268,4,34.0,0.0,32.0,32.0,0.31951904296875,87.80655299779028,4303.3583984375,,,,,
269,4,35.0,0.0,32.0,32.0,0.2804641723632812,84.99521599151194,4303.3583984375,,,,,
270,4,36.0,0.0,32.0,32.0,0.257568359375,84.36624699970707,4303.3583984375,,,,,
271,4,37.0,0.0,32.0,32.0,0.1976222991943359,85.73111100122333,4303.3583984375,,,,,
272,4,38.0,0.0,32.0,32.0,0.5676479339599609,84.52410800964572,4303.3583984375,,,,,
273,4,39.0,0.0,32.0,32.0,0.1921806335449218,84.17445298982784,4303.3583984375,,,,,
274,4,40.0,0.0,32.0,32.0,0.195648193359375,85.33129998249933,4303.3583984375,,,,,
275,4,41.0,0.0,32.0,32.0,0.3425350189208984,87.30018098140135,4303.3583984375,,,,,
276,4,42.0,0.0,32.0,32.0,0.1193447113037109,83.84112600469962,4303.3583984375,,,,,
277,4,43.0,0.0,32.0,32.0,0.1642742156982422,83.94439198309556,4303.3583984375,,,,,
278,4,44.0,0.0,32.0,32.0,0.2112331390380859,84.97140498366207,4303.3583984375,,,,,
279,4,45.0,0.0,32.0,32.0,0.3096141815185547,85.93494800152257,4303.3583984375,,,,,
280,4,46.0,0.0,32.0,32.0,0.257293701171875,84.40981400781311,4303.3583984375,,,,,
281,4,47.0,0.0,32.0,32.0,0.1728935241699218,84.63268599007279,4303.3583984375,,,,,
282,4,48.0,0.0,32.0,32.0,0.3298969268798828,87.60716300457716,4303.3583984375,,,,,
283,4,49.0,0.0,32.0,32.0,0.2453174591064453,85.8100559853483,4303.3583984375,,,,,
284,4,50.0,0.0,32.0,32.0,0.3211517333984375,83.7586959823966,4303.3583984375,,,,,
285,4,51.0,0.0,32.0,32.0,0.1636714935302734,85.98911101580597,4303.3583984375,,,,,
286,4,52.0,0.0,32.0,32.0,0.2243671417236328,85.48763001454063,4303.3583984375,,,,,
287,4,53.0,0.0,32.0,32.0,0.1653385162353515,84.46907901088707,4303.3583984375,,,,,
288,4,54.0,0.0,32.0,32.0,0.2913131713867187,85.07238497259095,4303.3583984375,,,,,
289,4,55.0,0.0,32.0,32.0,0.1599674224853515,86.97008900344372,4303.3583984375,,,,,
290,4,56.0,0.0,32.0,32.0,0.3428421020507812,84.57266699406318,4303.3583984375,,,,,
291,4,57.0,0.0,32.0,32.0,0.3289661407470703,84.46795199415646,4303.3583984375,,,,,
292,4,58.0,0.0,32.0,32.0,0.1936836242675781,85.1326989941299,4303.3583984375,,,,,
293,4,59.0,0.0,32.0,32.0,0.1769046783447265,85.42174901231192,4303.3583984375,,,,,
294,4,60.0,0.0,32.0,32.0,0.2512340545654297,84.81543601374142,4303.3583984375,,,,,
295,4,61.0,0.0,32.0,32.0,0.5611972808837891,84.15763798984699,4303.3583984375,,,,,
296,4,62.0,0.0,32.0,32.0,0.2994861602783203,84.90762798464857,4303.3583984375,,,,,
297,4,63.0,0.0,32.0,32.0,0.1588630676269531,85.2245989954099,4303.3583984375,,,,,
298,4,64.0,0.0,32.0,32.0,0.4196548461914062,84.93356200051494,4303.3583984375,,,,,
299,4,65.0,0.0,32.0,32.0,0.3195762634277344,85.04197301226668,4303.3583984375,,,,,
300,4,66.0,0.0,32.0,32.0,0.1773090362548828,87.68099301960319,4303.3583984375,,,,,
301,4,67.0,0.0,32.0,32.0,0.24267578125,84.45561002008617,4303.3583984375,,,,,
302,4,68.0,0.0,32.0,32.0,0.3144693374633789,83.19442899664864,4303.3583984375,,,,,
303,4,69.0,0.0,32.0,32.0,0.1826381683349609,86.36846698937006,4303.3583984375,,,,,
304,4,70.0,0.0,32.0,32.0,0.2075138092041015,85.16137200058438,4303.3583984375,,,,,
305,4,71.0,0.0,32.0,32.0,0.2321910858154297,84.23836599104106,4303.3583984375,,,,,
306,4,72.0,0.0,32.0,32.0,0.2253284454345703,84.37012601643801,4303.3583984375,,,,,
307,4,73.0,0.0,32.0,32.0,0.2995719909667969,85.92510400922038,4303.3583984375,,,,,
308,4,74.0,0.0,32.0,32.0,0.3586349487304687,84.17630099575035,4303.3583984375,,,,,
309,4,75.0,0.0,32.0,32.0,0.4209880828857422,84.49353399919346,4303.3583984375,,,,,
310,4,76.0,0.0,32.0,32.0,0.3404560089111328,85.90936497785151,4303.3583984375,,,,,
311,4,77.0,0.0,32.0,32.0,0.2772388458251953,86.44002702203579,4303.3583984375,,,,,
312,4,78.0,0.0,26.0,26.0,0.2131864130496978,74.5531239954289,3852.2724609375,,,,,
312,4,,1.0,32.0,32.0,,74.5531239954289,3852.2724609375,0.7220216606498195,0.7126365105311075,0.9670682730923694,0.1191568297262375,0.2450466124425498
313,5,1.0,0.0,32.0,32.0,0.1371631622314453,74.51901500462554,4303.3583984375,,,,,
314,5,2.0,0.0,32.0,32.0,0.1194744110107421,82.88130001164973,4303.3583984375,,,,,
315,5,3.0,0.0,32.0,32.0,0.1826915740966797,87.51208300236613,4303.3583984375,,,,,
316,5,4.0,0.0,32.0,32.0,0.1591625213623047,84.76262399926782,4303.3583984375,,,,,
317,5,5.0,0.0,32.0,32.0,0.128814697265625,84.82228600769304,4303.3583984375,,,,,
318,5,6.0,0.0,32.0,32.0,0.1140890121459961,85.93276198371314,4303.3583984375,,,,,
319,5,7.0,0.0,32.0,32.0,0.1241235733032226,84.93321799323894,4303.3583984375,,,,,
320,5,8.0,0.0,32.0,32.0,0.1883735656738281,83.43510498525575,4303.3583984375,,,,,
321,5,9.0,0.0,32.0,32.0,0.0766983032226562,85.05524098291062,4303.3583984375,,,,,
322,5,10.0,0.0,32.0,32.0,0.0878591537475586,87.2233230038546,4303.3583984375,,,,,
323,5,11.0,0.0,32.0,32.0,0.1105899810791015,85.97827001358382,4303.3583984375,,,,,
324,5,12.0,0.0,32.0,32.0,0.211221694946289,84.71438600099646,4303.3583984375,,,,,
325,5,13.0,0.0,32.0,32.0,0.1823549270629882,85.3810370026622,4303.3583984375,,,,,
326,5,14.0,0.0,32.0,32.0,0.212742805480957,83.938317024149,4303.3583984375,,,,,
327,5,15.0,0.0,32.0,32.0,0.0429258346557617,84.82222497696057,4303.3583984375,,,,,
328,5,16.0,0.0,32.0,32.0,0.0441188812255859,85.29665798414499,4303.3583984375,,,,,
329,5,17.0,0.0,32.0,32.0,0.1786947250366211,86.69065299909562,4303.3583984375,,,,,
330,5,18.0,0.0,32.0,32.0,0.4493322372436523,85.2407889906317,4303.3583984375,,,,,
331,5,19.0,0.0,32.0,32.0,0.0911931991577148,84.13643401581794,4303.3583984375,,,,,
332,5,20.0,0.0,32.0,32.0,0.18804931640625,80.03445999929681,4303.3583984375,,,,,
333,5,21.0,0.0,32.0,32.0,0.2564702033996582,86.41807999811135,4303.3583984375,,,,,
334,5,22.0,0.0,32.0,32.0,0.1252155303955078,85.16016000066884,4303.3583984375,,,,,
335,5,23.0,0.0,32.0,32.0,0.0936231613159179,84.78038999601267,4303.3583984375,,,,,
336,5,24.0,0.0,32.0,32.0,0.0923490524291992,86.45809500012547,4303.3583984375,,,,,
337,5,25.0,0.0,32.0,32.0,0.1313428878784179,85.59221000177786,4303.3583984375,,,,,
338,5,26.0,0.0,32.0,32.0,0.2076930999755859,82.92291100951843,4303.3583984375,,,,,
339,5,27.0,0.0,32.0,32.0,0.1440896987915039,85.11747999000363,4303.3583984375,,,,,
340,5,28.0,0.0,32.0,32.0,0.1141490936279296,84.8071750078816,4303.3583984375,,,,,
341,5,29.0,0.0,32.0,32.0,0.1058597564697265,85.77600502758287,4303.3583984375,,,,,
342,5,30.0,0.0,32.0,32.0,0.4758310317993164,85.21107101114467,4303.3583984375,,,,,
343,5,31.0,0.0,32.0,32.0,0.0534648895263671,85.76878401800059,4303.3583984375,,,,,
344,5,32.0,0.0,32.0,32.0,0.1423511505126953,81.38129199505784,3976.67724609375,,,,,
345,5,33.0,0.0,32.0,32.0,0.0370264053344726,85.45144699746743,4303.3583984375,,,,,
346,5,34.0,0.0,32.0,32.0,0.1648979187011718,84.77167499950156,4303.3583984375,,,,,
347,5,35.0,0.0,32.0,32.0,0.102884292602539,86.47240599384531,4303.3583984375,,,,,
348,5,36.0,0.0,32.0,32.0,0.2974843978881836,85.72791202459484,4303.3583984375,,,,,
349,5,37.0,0.0,32.0,32.0,0.2701644897460937,84.40996101126075,4303.3583984375,,,,,
350,5,38.0,0.0,32.0,32.0,0.0963096618652343,83.67097200243734,4303.3583984375,,,,,
351,5,39.0,0.0,32.0,32.0,0.295109748840332,86.1933050036896,4303.3583984375,,,,,
352,5,40.0,0.0,32.0,32.0,0.1556034088134765,85.38274801685475,4303.3583984375,,,,,
353,5,41.0,0.0,32.0,32.0,0.1091270446777343,84.1943720006384,4303.3583984375,,,,,
354,5,42.0,0.0,32.0,32.0,0.0344791412353515,85.57833201484755,4303.3583984375,,,,,
355,5,43.0,0.0,32.0,32.0,0.0566730499267578,86.20528201572597,4303.3583984375,,,,,
356,5,44.0,0.0,32.0,32.0,0.3710660934448242,83.29455700004473,4303.3583984375,,,,,
357,5,45.0,0.0,32.0,32.0,0.2560911178588867,85.00139199895784,4303.3583984375,,,,,
358,5,46.0,0.0,32.0,32.0,0.2119474411010742,86.49807600886561,4303.3583984375,,,,,
359,5,47.0,0.0,32.0,32.0,0.5409622192382812,85.87462300783955,4303.3583984375,,,,,
360,5,48.0,0.0,32.0,32.0,0.1595048904418945,84.86403099959716,4303.3583984375,,,,,
361,5,49.0,0.0,32.0,32.0,0.1688547134399414,85.3732860123273,4303.3583984375,,,,,
362,5,50.0,0.0,32.0,32.0,0.0748958587646484,85.12883001822047,4303.3583984375,,,,,
363,5,51.0,0.0,32.0,32.0,0.1091537475585937,84.85609598574229,4303.3583984375,,,,,
364,5,52.0,0.0,32.0,32.0,0.1659660339355468,84.63131901226006,4303.3583984375,,,,,
365,5,53.0,0.0,32.0,32.0,0.2745876312255859,86.222703976091,4303.3583984375,,,,,
366,5,54.0,0.0,32.0,32.0,0.1847515106201172,85.33080399502069,4303.3583984375,,,,,
367,5,55.0,0.0,32.0,32.0,0.3987674713134765,84.27428000140935,4303.3583984375,,,,,
368,5,56.0,0.0,32.0,32.0,0.0339698791503906,84.95738898636773,4303.3583984375,,,,,
369,5,57.0,0.0,32.0,32.0,0.1883621215820312,86.09207498375326,4303.3583984375,,,,,
370,5,58.0,0.0,32.0,32.0,0.09747314453125,84.95081498404033,4303.3583984375,,,,,
371,5,59.0,0.0,32.0,32.0,0.0577850341796875,85.22788100526668,4303.3583984375,,,,,
372,5,60.0,0.0,32.0,32.0,0.2723417282104492,86.25005901558325,4303.3583984375,,,,,
373,5,61.0,0.0,32.0,32.0,0.2961788177490234,85.61236699461006,4303.3583984375,,,,,
374,5,62.0,0.0,32.0,32.0,0.1995658874511718,83.46404597978108,4303.3583984375,,,,,
375,5,63.0,0.0,32.0,32.0,0.1298198699951172,86.29989199107513,4303.3583984375,,,,,
376,5,64.0,0.0,32.0,32.0,0.182352066040039,85.546181013342,4303.3583984375,,,,,
377,5,65.0,0.0,32.0,32.0,0.3286075592041015,84.72331901430152,4303.3583984375,,,,,
378,5,66.0,0.0,32.0,32.0,0.0954780578613281,85.00769000966102,4303.3583984375,,,,,
379,5,67.0,0.0,32.0,32.0,0.0499982833862304,86.14531200146303,4303.3583984375,,,,,
380,5,68.0,0.0,32.0,32.0,0.0767946243286132,84.376661980059,4303.3583984375,,,,,
381,5,69.0,0.0,32.0,32.0,0.0555524826049804,85.53282500361092,4303.3583984375,,,,,
382,5,70.0,0.0,32.0,32.0,0.1684675216674804,85.96443000715226,4303.3583984375,,,,,
383,5,71.0,0.0,32.0,32.0,0.3191413879394531,85.50869999453425,4303.3583984375,,,,,
384,5,72.0,0.0,32.0,32.0,0.2121257781982422,84.67539300909266,4303.3583984375,,,,,
385,5,73.0,0.0,32.0,32.0,0.2624006271362304,85.32644499791786,4303.3583984375,,,,,
386,5,74.0,0.0,32.0,32.0,0.3272571563720703,84.81910798582248,4303.3583984375,,,,,
387,5,75.0,0.0,32.0,32.0,0.0411806106567382,85.59755800524727,4303.3583984375,,,,,
388,5,76.0,0.0,32.0,32.0,0.1531229019165039,85.91994098969735,4303.3583984375,,,,,
389,5,77.0,0.0,32.0,32.0,0.1162643432617187,84.38977799960412,4303.3583984375,,,,,
390,5,78.0,0.0,26.0,26.0,0.1372316777706146,75.93201799318194,3852.2724609375,,,,,
390,5,,1.0,32.0,32.0,,75.93201799318194,3852.2724609375,0.7364620938628159,0.8904834588368734,0.980722891566265,0.0668646216105956,0.2442607977034491
391,6,1.0,0.0,32.0,32.0,0.1310768127441406,74.70796399866231,4303.3583984375,,,,,
392,6,2.0,0.0,32.0,32.0,0.0482177734375,83.85866801836528,4303.3583984375,,,,,
393,6,3.0,0.0,32.0,32.0,0.1548213958740234,86.33375499630347,4303.3583984375,,,,,
394,6,4.0,0.0,32.0,32.0,0.0365324020385742,85.3221669967752,4303.3583984375,,,,,
395,6,5.0,0.0,32.0,32.0,0.0340957641601562,84.76496799266897,4303.3583984375,,,,,
396,6,6.0,0.0,32.0,32.0,0.1817817687988281,85.86160800768994,4303.3583984375,,,,,
397,6,7.0,0.0,32.0,32.0,0.0492830276489257,84.62985302321613,4303.3583984375,,,,,
398,6,8.0,0.0,32.0,32.0,0.0229129791259765,85.15848399838433,4303.3583984375,,,,,
399,6,9.0,0.0,32.0,32.0,0.0286588668823242,85.56055501685478,4303.3583984375,,,,,
400,6,10.0,0.0,32.0,32.0,0.1309013366699218,86.53874599258415,4303.3583984375,,,,,
401,6,11.0,0.0,32.0,32.0,0.1518430709838867,86.59870797418989,4303.3583984375,,,,,
402,6,12.0,0.0,32.0,32.0,0.0314493179321289,85.54617298068479,4303.3583984375,,,,,
403,6,13.0,0.0,32.0,32.0,0.0578503608703613,86.35527800652198,4303.3583984375,,,,,
404,6,14.0,0.0,32.0,32.0,0.0185847282409667,82.77297599124722,4303.3583984375,,,,,
405,6,15.0,0.0,32.0,32.0,0.2744374275207519,85.76027301023714,4303.3583984375,,,,,
406,6,16.0,0.0,32.0,32.0,0.0500564575195312,87.1117630158551,4303.3583984375,,,,,
407,6,17.0,0.0,32.0,32.0,0.064946174621582,85.14989100513048,4303.3583984375,,,,,
408,6,18.0,0.0,32.0,32.0,0.1079468727111816,84.36745902872644,4303.3583984375,,,,,
409,6,19.0,0.0,32.0,32.0,0.2301778793334961,85.37777999299578,4303.3583984375,,,,,
410,6,20.0,0.0,32.0,32.0,0.0754151344299316,80.63663600478321,4303.3583984375,,,,,
411,6,21.0,0.0,32.0,32.0,0.0327072143554687,84.72382099716924,4303.3583984375,,,,,
412,6,22.0,0.0,32.0,32.0,0.0317354202270507,86.3099500129465,4303.3583984375,,,,,
413,6,23.0,0.0,32.0,32.0,0.0445523262023925,88.2464979949873,4303.3583984375,,,,,
414,6,24.0,0.0,32.0,32.0,0.1878347396850586,85.14564699726179,4303.3583984375,,,,,
415,6,25.0,0.0,32.0,32.0,0.1742959022521972,85.1020010013599,4303.3583984375,,,,,
416,6,26.0,0.0,32.0,32.0,0.152287483215332,84.27192899398506,4303.3583984375,,,,,
417,6,27.0,0.0,32.0,32.0,0.0268139839172363,86.3852470065467,4303.3583984375,,,,,
418,6,28.0,0.0,32.0,32.0,0.1341090202331543,85.34923501429148,4303.3583984375,,,,,
419,6,29.0,0.0,32.0,32.0,0.3040652275085449,85.0415029854048,4303.3583984375,,,,,
420,6,30.0,0.0,32.0,32.0,0.0800714492797851,87.415611022152,4303.3583984375,,,,,
421,6,31.0,0.0,32.0,32.0,0.1153202056884765,85.73939700727351,4303.3583984375,,,,,
422,6,32.0,0.0,32.0,32.0,0.0838313102722168,82.29683601530269,4303.3583984375,,,,,
423,6,33.0,0.0,32.0,32.0,0.1674690246582031,85.80707298824564,4303.3583984375,,,,,
424,6,34.0,0.0,32.0,32.0,0.1207485198974609,86.77963801892474,4303.3583984375,,,,,
425,6,35.0,0.0,32.0,32.0,0.0381669998168945,85.32307401765138,4303.3583984375,,,,,
426,6,36.0,0.0,32.0,32.0,0.0711612701416015,85.47154002008028,4303.3583984375,,,,,
427,6,37.0,0.0,32.0,32.0,0.1386313438415527,86.79700997890905,4303.3583984375,,,,,
428,6,38.0,0.0,32.0,32.0,0.1536836624145507,83.198184001958,4303.3583984375,,,,,
429,6,39.0,0.0,32.0,32.0,0.1732692718505859,85.49507599673234,4303.3583984375,,,,,
430,6,40.0,0.0,32.0,32.0,0.024580955505371,85.87049800553359,4303.3583984375,,,,,
431,6,41.0,0.0,32.0,32.0,0.1031618118286132,87.09888200974092,4303.3583984375,,,,,
432,6,42.0,0.0,32.0,32.0,0.101602554321289,84.82373799779452,4303.3583984375,,,,,
433,6,43.0,0.0,32.0,32.0,0.0399961471557617,85.01921300194226,4303.3583984375,,,,,
434,6,44.0,0.0,32.0,32.0,0.0943727493286132,83.98408701759763,4303.3583984375,,,,,
435,6,45.0,0.0,32.0,32.0,0.1679363250732422,85.47618499142118,4303.3583984375,,,,,
436,6,46.0,0.0,32.0,32.0,0.2458171844482422,85.96485899761319,4303.3583984375,,,,,
437,6,47.0,0.0,32.0,32.0,0.0415248870849609,86.36624499922618,4303.3583984375,,,,,
438,6,48.0,0.0,32.0,32.0,0.0395708084106445,85.97699800156988,4303.3583984375,,,,,
439,6,49.0,0.0,32.0,32.0,0.0340862274169921,85.6284240144305,4303.3583984375,,,,,
440,6,50.0,0.0,32.0,32.0,0.0127153396606445,83.97844899445772,4303.3583984375,,,,,
441,6,51.0,0.0,32.0,32.0,0.0430450439453125,85.3811599954497,4303.3583984375,,,,,
442,6,52.0,0.0,32.0,32.0,0.2470016479492187,85.61498500057496,4303.3583984375,,,,,
443,6,53.0,0.0,32.0,32.0,0.023233413696289,86.48600199376233,4303.3583984375,,,,,
444,6,54.0,0.0,32.0,32.0,0.1312847137451172,86.20524598518386,4303.3583984375,,,,,
445,6,55.0,0.0,32.0,32.0,0.0457830429077148,84.68942699255422,4303.3583984375,,,,,
446,6,56.0,0.0,32.0,32.0,0.1215367317199707,84.52306198887527,4303.3583984375,,,,,
447,6,57.0,0.0,32.0,32.0,0.0149192810058593,86.07378098531626,4303.3583984375,,,,,
448,6,58.0,0.0,32.0,32.0,0.1937856674194336,84.77479699649848,4303.3583984375,,,,,
449,6,59.0,0.0,32.0,32.0,0.0179996490478515,85.3760939789936,4303.3583984375,,,,,
450,6,60.0,0.0,32.0,32.0,0.1575813293457031,86.42375099589117,4303.3583984375,,,,,
451,6,61.0,0.0,32.0,32.0,0.0117959976196289,85.65878600347787,4303.3583984375,,,,,
452,6,62.0,0.0,32.0,32.0,0.061293601989746,82.70662699942477,4303.3583984375,,,,,
453,6,63.0,0.0,32.0,32.0,0.0164413452148437,85.09334700647742,4303.3583984375,,,,,
454,6,64.0,0.0,32.0,32.0,0.0479168891906738,86.72772601130418,4303.3583984375,,,,,
455,6,65.0,0.0,32.0,32.0,0.0772099494934082,85.65304201329127,4303.3583984375,,,,,
456,6,66.0,0.0,32.0,32.0,0.0401258468627929,86.0179870214779,4303.3583984375,,,,,
457,6,67.0,0.0,32.0,32.0,0.0126147270202636,86.70905200415291,4303.3583984375,,,,,
458,6,68.0,0.0,32.0,32.0,0.1675047874450683,83.34778199787252,4303.3583984375,,,,,
459,6,69.0,0.0,32.0,32.0,0.0089316368103027,85.36540999193676,4303.3583984375,,,,,
460,6,70.0,0.0,32.0,32.0,0.2031025886535644,86.65234799263999,4303.3583984375,,,,,
461,6,71.0,0.0,32.0,32.0,0.019683837890625,85.17656399635598,4303.3583984375,,,,,
462,6,72.0,0.0,32.0,32.0,0.0181937217712402,84.984383021947,4303.3583984375,,,,,
463,6,73.0,0.0,32.0,32.0,0.1057004928588867,86.27279099891894,4303.3583984375,,,,,
464,6,74.0,0.0,32.0,32.0,0.0470719337463378,84.1308019880671,4303.3583984375,,,,,
465,6,75.0,0.0,32.0,32.0,0.0111312866210937,85.15997100039385,4303.3583984375,,,,,
466,6,76.0,0.0,32.0,32.0,0.0076289176940917,85.99165399209596,4303.3583984375,,,,,
467,6,77.0,0.0,32.0,32.0,0.1891336441040039,85.37518500816077,4303.3583984375,,,,,
468,6,78.0,0.0,26.0,26.0,0.0505922771990299,75.57255798019469,3852.2724609375,,,,,
468,6,,1.0,32.0,32.0,,75.57255798019469,3852.2724609375,0.7328519855595668,1.1979438530074225,0.976305220883534,0.076426288832385,0.2434532353239673
469,7,1.0,0.0,32.0,32.0,0.106107473373413,72.64532599947415,4303.3583984375,,,,,
470,7,2.0,0.0,32.0,32.0,0.0628776550292968,83.2309539837297,4303.3583984375,,,,,
471,7,3.0,0.0,32.0,32.0,0.1204514503479003,86.33687000838108,4303.3583984375,,,,,
472,7,4.0,0.0,32.0,32.0,0.004868745803833,86.9448890152853,4303.3583984375,,,,,
473,7,5.0,0.0,32.0,32.0,0.0569515228271484,85.35459899576381,4303.3583984375,,,,,
474,7,6.0,0.0,32.0,32.0,0.0056099891662597,85.80793099827133,4303.3583984375,,,,,
475,7,7.0,0.0,32.0,32.0,0.0071721076965332,84.13077500881627,4303.3583984375,,,,,
476,7,8.0,0.0,32.0,32.0,0.0070075988769531,84.57080301013775,4303.3583984375,,,,,
477,7,9.0,0.0,32.0,32.0,0.075078010559082,85.61939100036398,4303.3583984375,,,,,
478,7,10.0,0.0,32.0,32.0,0.1192348003387451,86.6236939909868,4303.3583984375,,,,,
479,7,11.0,0.0,32.0,32.0,0.1802263259887695,87.16200798517093,4303.3583984375,,,,,
480,7,12.0,0.0,32.0,32.0,0.0048937797546386,85.98750300006941,4303.3583984375,,,,,
481,7,13.0,0.0,32.0,32.0,0.0110483169555664,85.81430799677037,4303.3583984375,,,,,
482,7,14.0,0.0,32.0,32.0,0.0048563480377197,84.15401499951258,4303.3583984375,,,,,
483,7,15.0,0.0,32.0,32.0,0.0384411811828613,85.61812998959795,4303.3583984375,,,,,
484,7,16.0,0.0,32.0,32.0,0.1941761970520019,83.74542600358836,4303.3583984375,,,,,
485,7,17.0,0.0,32.0,32.0,0.0049123764038085,88.00467097898945,4296.8427734375,,,,,
486,7,18.0,0.0,32.0,32.0,0.0038132667541503,85.39144101087004,4303.3583984375,,,,,
487,7,19.0,0.0,32.0,32.0,0.0058913230895996,85.60135500738397,4303.3583984375,,,,,
488,7,20.0,0.0,32.0,32.0,0.0789175033569336,81.24157501151785,4303.3583984375,,,,,
489,7,21.0,0.0,32.0,32.0,0.0798182487487793,86.07390697579831,4303.3583984375,,,,,
490,7,22.0,0.0,32.0,32.0,0.150280475616455,85.41562699247152,4303.3583984375,,,,,
491,7,23.0,0.0,32.0,32.0,0.1683723926544189,83.90453099855222,4303.3583984375,,,,,
492,7,24.0,0.0,32.0,32.0,0.0070550441741943,87.42389400140382,4303.3583984375,,,,,
493,7,25.0,0.0,32.0,32.0,0.1312823295593261,86.56708101625554,4303.3583984375,,,,,
494,7,26.0,0.0,32.0,32.0,0.0835840702056884,84.85399201163091,4303.3583984375,,,,,
495,7,27.0,0.0,32.0,32.0,0.004343032836914,84.60599498357624,4303.3583984375,,,,,
496,7,28.0,0.0,32.0,32.0,0.013235330581665,85.80716300639324,4303.3583984375,,,,,
497,7,29.0,0.0,32.0,32.0,0.008655309677124,85.76081600040197,4303.3583984375,,,,,
498,7,30.0,0.0,32.0,32.0,0.017651081085205,85.01056302338839,4303.3583984375,,,,,
499,7,31.0,0.0,32.0,32.0,0.1294267177581787,87.07351901102811,4303.3583984375,,,,,
500,7,32.0,0.0,32.0,32.0,0.016566514968872,84.64543198351748,4303.3583984375,,,,,
501,7,33.0,0.0,32.0,32.0,0.1644401550292968,86.66839997749776,4303.3583984375,,,,,
502,7,34.0,0.0,32.0,32.0,0.1616501808166504,84.3840210000053,4303.3583984375,,,,,
503,7,35.0,0.0,32.0,32.0,0.0039422512054443,85.72377401287667,4303.3583984375,,,,,
504,7,36.0,0.0,32.0,32.0,0.1069822311401367,87.13355401414447,4303.3583984375,,,,,
505,7,37.0,0.0,32.0,32.0,0.0971512794494628,83.73097502044402,4303.3583984375,,,,,
506,7,38.0,0.0,32.0,32.0,0.0825860500335693,84.54008601256646,4303.3583984375,,,,,
507,7,39.0,0.0,32.0,32.0,0.1459925174713134,87.77130299131386,4303.3583984375,,,,,
508,7,40.0,0.0,32.0,32.0,0.054128885269165,84.94888700079173,4303.3583984375,,,,,
509,7,41.0,0.0,32.0,32.0,0.1679584980010986,84.79209599317983,4303.3583984375,,,,,
510,7,42.0,0.0,32.0,32.0,0.0051245689392089,85.99912998033687,4303.3583984375,,,,,
511,7,43.0,0.0,32.0,32.0,0.0051045417785644,87.1994250046555,4303.3583984375,,,,,
512,7,44.0,0.0,32.0,32.0,0.161841869354248,82.5451250129845,4303.3583984375,,,,,
513,7,45.0,0.0,32.0,32.0,0.0050618648529052,85.6239759887103,4303.3583984375,,,,,
514,7,46.0,0.0,32.0,32.0,0.0289821624755859,87.99867500783876,4303.3583984375,,,,,
515,7,47.0,0.0,32.0,32.0,0.0102250576019287,86.73127001384273,4303.3583984375,,,,,
516,7,48.0,0.0,32.0,32.0,0.0060281753540039,87.48676397954114,4303.3583984375,,,,,
517,7,49.0,0.0,32.0,32.0,0.0069942474365234,85.0347540108487,4303.3583984375,,,,,
518,7,50.0,0.0,32.0,32.0,0.0693562030792236,84.0415499988012,4303.3583984375,,,,,
519,7,51.0,0.0,32.0,32.0,0.1789853572845459,85.339372017188,4303.3583984375,,,,,
520,7,52.0,0.0,32.0,32.0,0.1481444835662841,86.76761700189672,4303.3583984375,,,,,
521,7,53.0,0.0,32.0,32.0,0.0036718845367431,85.99088399205357,4303.3583984375,,,,,
522,7,54.0,0.0,32.0,32.0,0.1245653629302978,84.68930699746124,4303.3583984375,,,,,
523,7,55.0,0.0,32.0,32.0,0.1904635429382324,85.42174799367785,4303.3583984375,,,,,
524,7,56.0,0.0,32.0,32.0,0.0087313652038574,84.03347799321637,4303.3583984375,,,,,
525,7,57.0,0.0,32.0,32.0,0.1476614475250244,85.11211699806154,4303.3583984375,,,,,
526,7,58.0,0.0,32.0,32.0,0.14046311378479,85.75113498955034,4303.3583984375,,,,,
527,7,59.0,0.0,32.0,32.0,0.0525240898132324,86.47049299906939,4303.3583984375,,,,,
528,7,60.0,0.0,32.0,32.0,0.0039501190185546,85.36485300282948,4303.3583984375,,,,,
529,7,61.0,0.0,32.0,32.0,0.0090746879577636,85.57049898081459,4303.3583984375,,,,,
530,7,62.0,0.0,32.0,32.0,0.0042691230773925,84.53540899790823,4303.3583984375,,,,,
531,7,63.0,0.0,32.0,32.0,0.0046985149383544,85.93906101305038,4303.3583984375,,,,,
532,7,64.0,0.0,32.0,32.0,0.0033686161041259,84.96311999624595,4303.3583984375,,,,,
533,7,65.0,0.0,32.0,32.0,0.1711306571960449,86.50127399596386,4303.3583984375,,,,,
534,7,66.0,0.0,32.0,32.0,0.0039074420928955,85.26690400321968,4303.3583984375,,,,,
535,7,67.0,0.0,32.0,32.0,0.0051252841949462,84.8059770069085,4303.3583984375,,,,,
536,7,68.0,0.0,32.0,32.0,0.1296348571777343,83.23341998038813,4303.3583984375,,,,,
537,7,69.0,0.0,32.0,32.0,0.0043573379516601,86.4549050165806,4303.3583984375,,,,,
538,7,70.0,0.0,32.0,32.0,0.162006139755249,85.53295099409297,4303.3583984375,,,,,
539,7,71.0,0.0,32.0,32.0,0.1780115365982055,85.89977701194584,4303.3583984375,,,,,
540,7,72.0,0.0,32.0,32.0,0.0586750507354736,87.05200999975204,4303.3583984375,,,,,
541,7,73.0,0.0,32.0,32.0,0.0026648044586181,85.53583099273965,4303.3583984375,,,,,
542,7,74.0,0.0,32.0,32.0,0.0027525424957275,82.35525200143456,4303.3583984375,,,,,
543,7,75.0,0.0,32.0,32.0,0.0159118175506591,85.90515400283039,4303.3583984375,,,,,
544,7,76.0,0.0,32.0,32.0,0.0180902481079101,86.56694999081083,4303.3583984375,,,,,
545,7,77.0,0.0,32.0,32.0,0.0603218078613281,85.23697798955254,4303.3583984375,,,,,
546,7,78.0,0.0,26.0,26.0,0.0023812514264136,74.93853999767452,3852.2724609375,,,,,
546,7,,1.0,32.0,32.0,,74.93853999767452,3852.2724609375,0.7220216606498195,1.329583764076233,0.993574297188755,0.0238893413766979,0.2715526365389354
